id;title;slug;description;content;published_at;image_url;read_time;created_at;updated_at
8085e553-376e-4791-a1f8-fdf06bed2b90;Data Dispatch October 2025  Intelligence Report;data-dispatch-october-25;October 2025: Microtransit apps dominate cities nationwide, EV adoption accelerates, autonomous vehicles gain ground—but labor crisis and shutdowns create headwinds.;"<h2>EXECUTIVE SUMMARY</h2>

<p>October 2025 showed significant momentum in microtransit expansion, electric vehicle adoption, and technology integration across transit sectors. Key trends include app-based scheduling systems, increasing government funding for clean transportation, and industry consolidation. The government shutdown created uncertainty for federal contractors while local/state initiatives accelerated.</p>

<hr>

<h2>1. MICROTRANSIT &amp; ON-DEMAND SERVICES</h2>

<h3>Major Launches &amp; Expansions</h3>

<ul>
  <li>ABQ Ride (Albuquerque): Launched new <strong>""ABQ RIDE GO!""</strong> app to streamline microtransit services</li>
  <li>New Braunfels, TX: <strong>""Ride the Rio!""</strong> microtransit launching Nov 18 (47-mile service area)</li>
  <li>Salisbury, NC: City Council approved <strong>$2.8M microtransit contract</strong></li>
  <li>Sugar Land, TX: Announced 2nd microtransit service area expansion</li>
  <li>Newport News, VA: Hampton Roads Transit expanding regional microtransit program</li>
  <li>Sedona, AZ: Shuttle Connect celebrates 1-year anniversary</li>
</ul>

<h3>Challenges</h3>

<ul>
  <li>Houston Metro: <strong>$4 million microtransit pilot</strong> ""gone off the rails"" per opinion piece</li>
  <li>Lexington, KY: Ongoing council discussions about microtransit implementation</li>
</ul>

<h3>Market Intelligence</h3>

<p>Microtransit continues rapid expansion at municipal level, with emphasis on mobile app interfaces and on-demand/flexible routing replacing traditional fixed-route service in underserved areas.</p>

<hr>

<h2>2. PARATRANSIT &amp; ADA SERVICES</h2>

<h3>Technology Adoptions</h3>

<ul>
  <li>StarTran (Lincoln, NE): Expanded paratransit scheduling via <strong>VANLNK app</strong> - 7-day advance booking capability</li>
  <li>LeeTran (FL): New app for ADA/TD trip booking</li>
  <li>RideCo + RTC Southern Nevada: Major partnership to transform ADA paratransit in Las Vegas (partnership since August 2021, expanded in October)</li>
</ul>

<h3>Funding &amp; Policy</h3>

<ul>
  <li>St. Lucie County, FL: Secured <strong>$5M FTA grant</strong> for paratransit enhancements</li>
  <li>Wisconsin lawmakers: Proposing one-time state grants for paratransit/rural transit expansion</li>
  <li>Lawrence Transit (KS): Proposing <strong>$3 fare</strong> for on-demand service (fixed-route and paratransit staying free)</li>
  <li>Denver RTD: Proposal to charge <strong>$6.50 base fare</strong> for Access-on-Demand rides</li>
</ul>

<h3>Fleet Modernization</h3>

<ul>
  <li>Schaumburg, IL: Launched new <strong>electric paratransit buses</strong> (Oct 1)</li>
  <li>Pace (Chicago suburbs): Breaking ground on Calumet City Paratransit Transfer Facility</li>
</ul>

<hr>

<h2>3. SCHOOL BUS &amp; STUDENT TRANSPORTATION</h2>

<h3>Major Business Developments</h3>

<ul>
  <li>Student Transportation of America: Achieved <strong>$100M+ growth</strong> through strategic acquisitions</li>
  <li>First Student: HALO Platform named <strong>Fast Company's ""Next Big Thing in Tech""</strong></li>
  <li>Edulog: Received strategic growth investment from Serent Capital to advance K-12 transportation innovation</li>
</ul>

<h3>Technology &amp; Safety</h3>

<ul>
  <li>Gatekeeper Systems: Secured record <strong>$9.3M contract</strong> in California for bus video/data solutions including AI</li>
  <li>Ohio Governor DeWine: Announced <strong>$10M School Bus Safety Grant Program</strong></li>
</ul>

<h3>Labor &amp; Operations</h3>

<ul>
  <li>Howard County, MD: Zum Services drivers authorized strike; ongoing negotiations</li>
  <li>NYC: School bus service disruption threatened (Oct 29) - contract dispute affecting <strong>150,000 students daily</strong></li>
  <li>Pulaski County, AR: Severe bus driver shortage - <strong>94 drivers for 378 routes</strong></li>
</ul>

<h3>Electrification</h3>

<ul>
  <li>Michigan: Schools awarded <strong>$35.9M for 97 clean energy buses</strong></li>
  <li>Multiple districts transitioning to electric and propane-powered fleets</li>
</ul>

<hr>

<h2>4. TECHNOLOGY &amp; DATA ANALYTICS</h2>

<h3>AI &amp; Analytics</h3>

<ul>
  <li>Feature article on <strong>""opening AI black box""</strong> for transportation decisions</li>
  <li>Growing emphasis on explainable AI for urban transportation planning</li>
  <li>Louisiana DOT adopts subsurface data analysis tool</li>
</ul>

<h3>Software &amp; Systems</h3>

<ul>
  <li>Bureau of Transportation Statistics releasing multiple data reports</li>
  <li>Research on intercity travel mode recognition using data analytics</li>
  <li>Focus on real-time data management and passenger counting systems</li>
</ul>

<hr>

<h2>5. INDUSTRY PARTNERSHIPS &amp; M&amp;A</h2>

<h3>Major Partnerships</h3>

<ul>
  <li><strong>Autocab + zTrip:</strong> Landmark partnership powering 3,600 vehicles across 20 US states
    <ul>
      <li>4,000 drivers in 20 states</li>
      <li>Integration with Uber &amp; iGo platforms</li>
      <li>NTEP-certified soft meter approved for U.S. use</li>
    </ul>
  </li>
</ul>

<h3>Recognition</h3>

<ul>
  <li>Provide A Ride: Named <strong>2025 NEMTAC Broker Partner of the Year</strong> for NEMT excellence</li>
</ul>

<hr>

<h2>6. AUTONOMOUS &amp; FUTURE MOBILITY</h2>

<h3>Robotaxi Developments</h3>

<ul>
  <li>Waymo: Testing autonomous taxis in Bronx, NY; planning London launch</li>
  <li>Waymo: Relaunched fully automated robo-taxi service in Phoenix</li>
  <li>Lyft + Tensor: Agreement to roll out Tensor Robocars fleet in 2027</li>
  <li>Flying taxis: First U.S. public flight demonstration in Salinas, CA</li>
</ul>

<h3>Regulatory</h3>

<ul>
  <li>Lawmakers calling out Waymo after school bus incident</li>
  <li>Ongoing discussions about national safety regulatory framework for AVs</li>
</ul>

<hr>

<h2>7. WORKFORCE &amp; LABOR</h2>

<h3>Policy Changes</h3>

<ul>
  <li>California: Governor Newsom signed bill giving Uber/Lyft drivers right to unionize</li>
  <li>IRS/Treasury: Clarified ""no tax on tips &amp; overtime"" provisions affecting ground transportation drivers (70 occupations included)</li>
</ul>

<h3>Challenges</h3>

<ul>
  <li>Widespread driver shortages across school bus, transit, and commercial sectors</li>
  <li>Wage pressures and recruitment difficulties</li>
</ul>

<hr>

<h2>8. FUNDING &amp; GRANTS</h2>

<h3>Federal</h3>

<ul>
  <li>FTA grants: St. Lucie County ($5M for paratransit)</li>
  <li>Multiple Clean School Bus grants awarded</li>
</ul>

<h3>State/Local</h3>

<ul>
  <li>Ohio: $10M school bus safety grant program</li>
  <li>Michigan: $35.9M for clean school buses</li>
  <li>Wisconsin: Proposed state grants for paratransit expansion</li>
</ul>

<h3>Challenges</h3>

<ul>
  <li>Government shutdown impacts on federal contractors and NEMT providers</li>
  <li>Cash flow issues for small transportation providers relying on federal reimbursements</li>
</ul>

<hr>

<h2>9. KEY RFPs &amp; PROCUREMENT OPPORTUNITIES</h2>

<h3>Major Contracts</h3>

<ol>
  <li>Jefferson Parish, LA - Intelligent Transportation System for paratransit/transit</li>
  <li>Maryland Dept of Health - Statewide NEMT administrator (large contract)</li>
  <li>Douglas County, GA - 3rd party operator for Connect Douglas transit system</li>
  <li>San Mateo County Health, CA - Paratransit &amp; non-medical transportation</li>
  <li>Indiana DOA - Mobility vans procurement (RFP 26-84944, due Dec 17)</li>
  <li>WATA (Williamsburg, VA) - Factory bus line inspection services</li>
  <li>Southwest Ohio Regional Transit (SORTA) - Compensation study</li>
  <li>Community Transit (WA) - Towing services</li>
  <li>BCD Council of Governments (SC) - APC on-board hardware maintenance</li>
  <li>NYPA - Environmental resiliency projects</li>
  <li>Multiple jurisdictions - Traffic management systems, ITS upgrades, vehicle procurement</li>
</ol>

<hr>

<h2>10. REGULATORY &amp; POLICY ENVIRONMENT</h2>

<h3>Federal</h3>

<ul>
  <li>Government shutdown creating uncertainty (Oct 1-ongoing in scenario)</li>
  <li>Flight delays due to ATC staffing shortages</li>
  <li>Safe Streets and Roads for All (SS4A) grant program active</li>
  <li>Buy America requirements enforcement</li>
</ul>

<h3>State</h3>

<ul>
  <li>California driver unionization bill</li>
  <li>Various state clean transportation incentive programs</li>
  <li>Congestion pricing discussions (LA, NYC)</li>
</ul>

<hr>

<h2>11. COMPETITIVE LANDSCAPE</h2>

<h3>Major Players by Segment</h3>

<h4>Software/Technology:</h4>

<ul>
  <li>Autocab (dispatch, soft meters)</li>
  <li>Edulog (K-12 routing software)</li>
  <li>RideCo (paratransit scheduling)</li>
  <li>Ecolane (paratransit scheduling)</li>
  <li>MediRoutes (NEMT automation)</li>
  <li>Provide A Ride (NEMT broker)</li>
</ul>

<h4>Operators:</h4>

<ul>
  <li>Student Transportation of America</li>
  <li>First Student</li>
  <li>Zum Services</li>
  <li>zTrip (largest taxi fleet operator in U.S.)</li>
</ul>

<h4>Vehicle/Equipment:</h4>

<ul>
  <li>Gatekeeper (video/AI systems)</li>
  <li>Blue Bird (propane/electric buses)</li>
  <li>ROUSH CleanTech (propane systems)</li>
</ul>

<h4>TNCs/Emerging:</h4>

<ul>
  <li>Uber (taxi partnerships)</li>
  <li>Lyft (loyalty programs, robotaxi plans)</li>
  <li>Waymo (autonomous vehicles)</li>
  <li>Tensor (robotaxi manufacturing)</li>
</ul>

<hr>

<h2>12. MARKET TRENDS &amp; STRATEGIC INSIGHTS</h2>

<h3>Key Trends</h3>

<ol>
  <li>App-based booking replacing phone dispatch - Multi-day advance scheduling becoming standard</li>
  <li>Partnerships over competition - Traditional taxi/TNC integration (Uber-taxi partnerships)</li>
  <li>Electrification accelerating - Major funding pushing school bus and transit fleet conversion</li>
  <li>Labor as competitive differentiator - Driver recruitment/retention critical</li>
  <li>Data analytics essential - Real-time passenger counting, performance tracking</li>
  <li>Consolidation continuing - M&amp;A activity in student transportation, NEMT sectors</li>
  <li>Autonomous vehicles advancing - Limited deployments expanding geographically</li>
</ol>

<h3>Opportunities for Transit Tech Companies</h3>

<ul>
  <li>Scheduling/dispatch software for microtransit/paratransit expansion</li>
  <li>Mobile app development for rider-facing booking systems</li>
  <li>Data analytics platforms for performance monitoring</li>
  <li>Integration services connecting multiple mobility platforms</li>
  <li>Training/workforce development solutions for driver shortage</li>
  <li>EV charging/fleet management systems</li>
</ul>

<h3>Risks</h3>

<ul>
  <li>Government funding uncertainty during shutdowns</li>
  <li>Labor disputes and unionization movements</li>
  <li>Autonomous vehicle regulatory uncertainty</li>
  <li>Cybersecurity concerns for NEMT PHI data</li>
</ul>

<hr>

<h2>RECOMMENDATIONS</h2>

<p>For transit technology companies serving this market:</p>

<ol>
  <li>Focus on mobile-first solutions - App-based booking is table stakes</li>
  <li>Emphasize data security - Especially for NEMT/healthcare transportation</li>
  <li>Build integration capabilities - Multi-modal and multi-provider integration is increasingly required</li>
  <li>Target microtransit expansion - Highest growth segment in October data</li>
  <li>Position for EV transition - Fleet management tools for electric vehicles</li>
  <li>Pursue partnership opportunities - Follow Autocab/zTrip model of technology+operations collaboration</li>
  <li>Monitor RFP opportunities in key markets (Maryland NEMT, Indiana mobility vans, Jefferson Parish ITS)</li>
</ol>

<hr>

<p><em>Report compiled from: Google Alerts, TTA Industry News, APTA sources, Sweetspot procurement database, and transit-bids.com for October 2025.</em></p>";2025-11-10 00:00:00+00;https://i.ibb.co/JjxMqRB9/9ee9b34b1fd9.png;5;2025-11-10 21:58:10.692929+00;2025-11-12 16:36:23.824145+00